"residue","color"
1,"red"
3,"red"
5,"red"
6,"red"
7,"red"
9,"red"
10,"red"
12,"red"
13,"red"
14,"red"
15,"red"
16,"red"
17,"red"
18,"red"
19,"red"
20,"red"
21,"red"
22,"red"
23,"red"
24,"red"
25,"red"
26,"red"
27,"red"
28,"red"
29,"red"
30,"red"
31,"red"
32,"red"
33,"red"
35,"red"
37,"red"
38,"red"
39,"red"
40,"red"
41,"red"
42,"red"
43,"red"
44,"red"
45,"red"
46,"red"
47,"red"
48,"red"
49,"red"
50,"red"
51,"red"
52,"red"
53,"red"
54,"red"
55,"red"
56,"red"
57,"red"
58,"red"
59,"red"
60,"red"
61,"red"
62,"red"
63,"red"
64,"red"
65,"red"
66,"red"
67,"red"
68,"red"
69,"red"
70,"red"
71,"red"
72,"red"
73,"red"
74,"red"
75,"red"
76,"red"
77,"red"
78,"red"
79,"red"
80,"red"
81,"red"
82,"red"
83,"red"
84,"red"
85,"red"
86,"red"
87,"red"
88,"red"
89,"red"
90,"red"
93,"red"
94,"red"
96,"red"
97,"red"
98,"red"
99,"red"
100,"red"
101,"red"
102,"red"
103,"red"
104,"red"
105,"red"
106,"red"
107,"red"
108,"red"
109,"red"
110,"red"
111,"red"
112,"red"
113,"red"
114,"red"
116,"red"
117,"red"
118,"red"
119,"red"
120,"red"
121,"red"
123,"red"
124,"red"
126,"red"
128,"red"
129,"red"
130,"red"
131,"red"
132,"red"
133,"red"
134,"red"
135,"red"
136,"red"
137,"red"
138,"red"
139,"red"
141,"red"
142,"red"
143,"red"
144,"red"
145,"red"
147,"red"
148,"red"
149,"red"
150,"red"
151,"red"
152,"red"
153,"red"
154,"red"
155,"red"
156,"red"
157,"red"
160,"red"
161,"red"
162,"red"
163,"red"
164,"red"
165,"red"
166,"red"
167,"red"
168,"red"
169,"red"
170,"red"
171,"red"
172,"red"
173,"red"
174,"red"
175,"red"
176,"red"
177,"red"
179,"red"
181,"red"
182,"red"
183,"red"
187,"red"
189,"red"
190,"red"
194,"red"
196,"red"
199,"red"
202,"red"
207,"red"
212,"red"
214,"red"
216,"red"
218,"red"
222,"red"
223,"red"
224,"red"
225,"red"
226,"red"
228,"red"
230,"red"
233,"red"
236,"red"
240,"red"
243,"red"
245,"red"
247,"red"
250,"red"
254,"red"
255,"red"
257,"red"
258,"red"
261,"red"
265,"red"
271,"red"
276,"red"
278,"red"
282,"red"
285,"red"
286,"red"
288,"red"
289,"red"
293,"red"
295,"red"
296,"red"
298,"red"
299,"red"
303,"red"
304,"red"
305,"red"
309,"red"
311,"red"
312,"red"
317,"red"
